"","SampleType","Mantel_R","Mantel_Significance"
"1","SoilShallow",0.592386370399503,1e-04
"2","PlantRoot",0.626719336102975,1e-04
"3","WaterNonSaline",0.663453694267907,1e-04
"4","Sediment",0.558954423925417,1e-04
"5","SoilDeep",0.609214209960752,1e-04
"6","Mosquito",0.0547229698361289,0.2311
"7","Drosophila",0.157884277317528,0.0068
